[
  {
    "id": "8e247e9a-d751-4107-9681-714b4b9187d5",
    "data": [
      {
        "text": "go",
        "userDefined": false
      }
    ],
    "isTemplate": false,
    "count": 0,
    "lang": "en",
    "updated": 0
  },
  {
    "id": "b9115475-6155-4d6e-9dbe-24c6f6681101",
    "data": [
      {
        "text": "go at speed ",
        "userDefined": false
      },
      {
        "text": "20",
        "meta": "@sys.number",
        "alias": "number",
        "userDefined": false
      }
    ],
    "isTemplate": false,
    "count": 0,
    "lang": "en",
    "updated": 0
  },
  {
    "id": "4e9c9f9a-4e2e-4178-96b3-0faddfed37af",
    "data": [
      {
        "text": "speed ",
        "userDefined": false
      },
      {
        "text": "0",
        "meta": "@sys.number",
        "alias": "number",
        "userDefined": false
      }
    ],
    "isTemplate": false,
    "count": 0,
    "lang": "en",
    "updated": 0
  },
  {
    "id": "c4c4140d-f380-4147-a1ea-218aa272ce81",
    "data": [
      {
        "text": "set speed to ",
        "userDefined": false
      },
      {
        "text": "10",
        "meta": "@sys.number",
        "alias": "number",
        "userDefined": false
      }
    ],
    "isTemplate": false,
    "count": 0,
    "lang": "en",
    "updated": 0
  }
]