[
  {
    "id": "c3773b11-e1a7-4ed6-83cc-7eb425d367a2",
    "data": [
      {
        "text": "set angular ",
        "userDefined": false
      },
      {
        "text": "2",
        "meta": "@sys.number",
        "alias": "number",
        "userDefined": false
      }
    ],
    "isTemplate": false,
    "count": 0,
    "lang": "en",
    "updated": 0
  },
  {
    "id": "b5fa1fef-a1e1-4a92-90da-33f726b3847f",
    "data": [
      {
        "text": "angular speed ",
        "userDefined": false
      },
      {
        "text": "30",
        "meta": "@sys.number",
        "alias": "number",
        "userDefined": false
      }
    ],
    "isTemplate": false,
    "count": 0,
    "lang": "en",
    "updated": 0
  },
  {
    "id": "5b662028-7781-442f-8445-b79f85fddae8",
    "data": [
      {
        "text": "go at angular ",
        "userDefined": false
      },
      {
        "text": "10",
        "meta": "@sys.number",
        "alias": "number",
        "userDefined": false
      }
    ],
    "isTemplate": false,
    "count": 0,
    "lang": "en",
    "updated": 0
  },
  {
    "id": "985b1c8d-d070-48bf-9a54-30b03fbb853a",
    "data": [
      {
        "text": "angular ",
        "userDefined": false
      },
      {
        "text": "0",
        "meta": "@sys.number",
        "alias": "number",
        "userDefined": false
      }
    ],
    "isTemplate": false,
    "count": 0,
    "lang": "en",
    "updated": 0
  },
  {
    "id": "270907a0-0090-4853-8703-c7e68bc5a763",
    "data": [
      {
        "text": "set angular to ",
        "userDefined": false
      },
      {
        "text": "20",
        "meta": "@sys.number",
        "alias": "number",
        "userDefined": false
      }
    ],
    "isTemplate": false,
    "count": 0,
    "lang": "en",
    "updated": 0
  }
]