[
  {
    "id": "75ed403c-0135-4bed-807e-d6acb518b111",
    "data": [
      {
        "text": "stop the robot",
        "userDefined": false
      }
    ],
    "isTemplate": false,
    "count": 0,
    "lang": "en",
    "updated": 0
  },
  {
    "id": "897b993f-7db8-4c98-a58d-e16ef1eb12b3",
    "data": [
      {
        "text": "halt",
        "userDefined": false
      }
    ],
    "isTemplate": false,
    "count": 0,
    "lang": "en",
    "updated": 0
  },
  {
    "id": "42235606-3fb5-474d-a2f4-4dd2ff07499b",
    "data": [
      {
        "text": "stop",
        "userDefined": false
      }
    ],
    "isTemplate": false,
    "count": 0,
    "lang": "en",
    "updated": 0
  }
]