[
  {
    "id": "4d9414cc-93f5-415a-a036-2aa4d1098d77",
    "data": [
      {
        "text": "turn ",
        "userDefined": false
      },
      {
        "text": "150",
        "meta": "@sys.number",
        "alias": "number",
        "userDefined": false
      },
      {
        "text": " to the right",
        "userDefined": false
      }
    ],
    "isTemplate": false,
    "count": 0,
    "lang": "en",
    "updated": 0
  },
  {
    "id": "eb88453e-c25e-446a-a075-66ed19dddbb3",
    "data": [
      {
        "text": "10",
        "meta": "@sys.number",
        "alias": "number",
        "userDefined": false
      },
      {
        "text": " right",
        "userDefined": false
      }
    ],
    "isTemplate": false,
    "count": 0,
    "lang": "en",
    "updated": 0
  },
  {
    "id": "4b97dcf7-64d7-47ca-b757-1d4781021dde",
    "data": [
      {
        "text": "right ",
        "userDefined": false
      },
      {
        "text": "56",
        "meta": "@sys.number",
        "alias": "number",
        "userDefined": false
      }
    ],
    "isTemplate": false,
    "count": 0,
    "lang": "en",
    "updated": 0
  },
  {
    "id": "9185b69d-1011-4b90-a3e5-8f26003cc8c7",
    "data": [
      {
        "text": "turn ",
        "userDefined": false
      },
      {
        "text": "32",
        "meta": "@sys.number",
        "alias": "number",
        "userDefined": false
      },
      {
        "text": " right",
        "userDefined": false
      }
    ],
    "isTemplate": false,
    "count": 0,
    "lang": "en",
    "updated": 0
  },
  {
    "id": "d5e97454-5ed8-4557-b849-7bc059495de6",
    "data": [
      {
        "text": "turn right ",
        "userDefined": false
      },
      {
        "text": "45",
        "meta": "@sys.number",
        "alias": "number",
        "userDefined": false
      },
      {
        "text": " degrees",
        "userDefined": false
      }
    ],
    "isTemplate": false,
    "count": 0,
    "lang": "en",
    "updated": 0
  },
  {
    "id": "1845979a-8e6f-4470-8bd8-959304b2e419",
    "data": [
      {
        "text": "right",
        "userDefined": false
      }
    ],
    "isTemplate": false,
    "count": 0,
    "lang": "en",
    "updated": 0
  },
  {
    "id": "5fab5bf2-4629-44ed-92c3-22e6fb384d35",
    "data": [
      {
        "text": "turn right",
        "userDefined": false
      }
    ],
    "isTemplate": false,
    "count": 0,
    "lang": "en",
    "updated": 0
  }
]