[
  {
    "id": "11fb05e6-cd53-42e2-8391-13754121b34f",
    "data": [
      {
        "text": "turn to the left ",
        "userDefined": false
      },
      {
        "text": "10",
        "meta": "@sys.number",
        "alias": "number",
        "userDefined": false
      },
      {
        "text": " degrees",
        "userDefined": false
      }
    ],
    "isTemplate": false,
    "count": 1,
    "lang": "en",
    "updated": 0
  },
  {
    "id": "ae5bd2dc-bfb2-4f8c-9f90-4006fc1752d9",
    "data": [
      {
        "text": "turn 30 to the left",
        "userDefined": false
      }
    ],
    "isTemplate": false,
    "count": 0,
    "lang": "en",
    "updated": 0
  },
  {
    "id": "5727a710-71b8-4661-b0da-f9baaa5ceed4",
    "data": [
      {
        "text": "20",
        "meta": "@sys.number",
        "alias": "number",
        "userDefined": false
      },
      {
        "text": " left",
        "userDefined": false
      }
    ],
    "isTemplate": false,
    "count": 0,
    "lang": "en",
    "updated": 0
  },
  {
    "id": "f96b856b-aa50-48a4-8a44-d55b50a37cd3",
    "data": [
      {
        "text": "turn ",
        "userDefined": false
      },
      {
        "text": "95",
        "meta": "@sys.number",
        "alias": "number",
        "userDefined": false
      },
      {
        "text": " left",
        "userDefined": false
      }
    ],
    "isTemplate": false,
    "count": 0,
    "lang": "en",
    "updated": 0
  },
  {
    "id": "266a0272-802e-4ce8-8c4f-d745ef42dd3f",
    "data": [
      {
        "text": "left ",
        "userDefined": false
      },
      {
        "text": "13",
        "meta": "@sys.number",
        "alias": "number",
        "userDefined": false
      }
    ],
    "isTemplate": false,
    "count": 0,
    "lang": "en",
    "updated": 0
  },
  {
    "id": "47c27879-7868-4a71-9d19-cba519698e39",
    "data": [
      {
        "text": "turn left ",
        "userDefined": false
      },
      {
        "text": "45",
        "meta": "@sys.number",
        "alias": "number",
        "userDefined": false
      },
      {
        "text": " degrees",
        "userDefined": false
      }
    ],
    "isTemplate": false,
    "count": 0,
    "lang": "en",
    "updated": 0
  },
  {
    "id": "36fc9937-bbc7-4671-af48-7ab250830c24",
    "data": [
      {
        "text": "left",
        "userDefined": false
      }
    ],
    "isTemplate": false,
    "count": 0,
    "lang": "en",
    "updated": 0
  },
  {
    "id": "aa5295d3-d0c9-4986-ae3f-caa9234d5273",
    "data": [
      {
        "text": "turn left",
        "userDefined": false
      }
    ],
    "isTemplate": false,
    "count": 0,
    "lang": "en",
    "updated": 0
  }
]